usuario_id,mes_referencia,receita_mes,despesa_mes,saldo_inicial_mes,num_transacoes_despesa,num_transacoes_receita,deficit_mes
synthetic-user-001,2024-01,8427.54,9284.26,4150.99,50,6,1
synthetic-user-002,2024-01,5036.21,3875.86,-524.77,22,3,0
synthetic-user-003,2024-01,4510.2,5274.31,3264.96,29,4,1
synthetic-user-004,2024-01,8842.1,10090.54,-1054.45,66,4,1
synthetic-user-005,2024-01,11072.39,10293.34,3797.0,56,9,0
synthetic-user-006,2024-01,5180.86,2752.69,4450.87,17,1,0
synthetic-user-007,2024-01,5806.29,5717.88,2039.3,43,3,0
synthetic-user-008,2024-01,8809.91,9476.92,3926.47,56,7,1
synthetic-user-009,2024-01,2323.82,2124.17,-912.24,18,0,0
synthetic-user-010,2024-01,2391.45,3394.81,1373.46,18,1,1
synthetic-user-011,2024-01,2731.84,5299.31,-3577.89,35,2,1
synthetic-user-012,2024-01,7330.63,8691.17,4176.73,48,1,1
synthetic-user-013,2024-01,8523.55,6841.34,422.27,42,3,0
synthetic-user-014,2024-01,8902.01,10819.1,260.14,65,4,1
synthetic-user-015,2024-01,8699.49,9590.0,5059.69,46,2,1
synthetic-user-016,2024-01,7587.7,6276.1,2416.94,43,3,0
synthetic-user-017,2024-01,10556.03,10573.27,6841.75,46,10,1
synthetic-user-018,2024-01,7116.89,7483.72,2935.01,36,5,1
synthetic-user-019,2024-01,8678.52,11466.67,558.03,60,4,1
synthetic-user-020,2024-01,9227.83,11679.59,4183.75,69,5,1
synthetic-user-021,2024-01,6116.64,5750.44,1133.77,25,7,0
synthetic-user-022,2024-01,2037.9,2615.2,2896.74,16,1,1
synthetic-user-023,2024-01,2379.63,3127.12,4263.95,12,2,1
synthetic-user-024,2024-01,4482.07,5351.79,3571.76,31,2,1
synthetic-user-025,2024-01,10909.62,9314.53,-816.46,52,4,0
synthetic-user-026,2024-01,11066.56,10266.93,2835.06,60,7,0
synthetic-user-027,2024-01,9646.53,13117.23,1599.65,80,5,1
synthetic-user-028,2024-01,5697.15,7629.03,2819.37,51,3,1
synthetic-user-029,2024-01,10664.51,14894.9,-1014.34,83,1,1
synthetic-user-030,2024-01,3804.52,4964.55,-210.28,30,0,1
synthetic-user-001,2024-02,9310.92,7136.1,3294.27,32,9,0
synthetic-user-002,2024-02,4566.01,4075.78,635.58,19,1,0
synthetic-user-003,2024-02,4464.05,4562.84,2500.85,31,3,1
synthetic-user-004,2024-02,10366.44,8453.14,-2302.88,47,10,0
synthetic-user-005,2024-02,10815.73,7344.06,4576.05,52,6,0
synthetic-user-006,2024-02,6198.0,4491.09,6879.05,23,3,0
synthetic-user-007,2024-02,5310.21,4475.9,2127.72,24,5,0
synthetic-user-008,2024-02,9427.97,6770.6,3259.47,39,9,0
synthetic-user-009,2024-02,3202.1,1361.78,-712.59,11,0,0
synthetic-user-010,2024-02,3099.25,2548.4,370.1,12,3,0
synthetic-user-011,2024-02,3662.63,3141.16,-6145.35,16,2,0
synthetic-user-012,2024-02,8200.42,8587.52,2816.18,44,4,1
synthetic-user-013,2024-02,7599.35,6628.54,2104.47,38,3,0
synthetic-user-014,2024-02,8827.18,8694.72,-1656.94,58,10,0
synthetic-user-015,2024-02,8458.54,9246.43,4169.18,51,4,1
synthetic-user-016,2024-02,6627.83,3802.07,3728.54,22,4,0
synthetic-user-017,2024-02,10482.97,8618.5,6824.5,49,7,0
synthetic-user-018,2024-02,7675.91,3934.67,2568.18,25,8,0
synthetic-user-019,2024-02,8908.37,9922.34,-2230.11,41,5,1
synthetic-user-020,2024-02,9785.35,11089.19,1731.99,58,1,1
synthetic-user-021,2024-02,6556.98,4615.0,1499.97,20,3,0
synthetic-user-022,2024-02,2255.49,2813.18,2319.44,19,0,1
synthetic-user-023,2024-02,2483.67,3973.96,3516.46,26,1,1
synthetic-user-024,2024-02,3580.48,2585.54,2702.04,12,2,0
synthetic-user-025,2024-02,10790.15,8779.17,778.63,51,12,0
synthetic-user-026,2024-02,8590.29,9189.25,3634.69,46,4,1
synthetic-user-027,2024-02,9620.83,11015.63,-1871.05,45,0,1
synthetic-user-028,2024-02,7127.28,6317.6,887.49,43,2,0
synthetic-user-029,2024-02,11458.28,12292.46,-5244.72,66,5,1
synthetic-user-030,2024-02,3992.32,5934.07,-1370.31,33,2,1
synthetic-user-001,2024-03,10245.29,7510.27,5469.09,41,4,0
synthetic-user-002,2024-03,5126.37,3220.15,1125.8,23,2,0
synthetic-user-003,2024-03,4725.29,4637.89,2402.06,22,1,0
synthetic-user-004,2024-03,10664.24,6338.04,-389.59,24,2,0
synthetic-user-005,2024-03,10496.82,8261.56,8047.72,38,4,0
synthetic-user-006,2024-03,5245.08,4985.9,8585.96,26,4,0
synthetic-user-007,2024-03,5077.63,7018.29,2962.02,48,1,1
synthetic-user-008,2024-03,8432.04,7125.5,5916.83,37,4,0
synthetic-user-009,2024-03,2190.31,1415.27,1127.73,10,2,0
synthetic-user-010,2024-03,2514.02,2782.78,920.95,14,1,1
synthetic-user-011,2024-03,2842.83,3468.6,-5623.88,16,1,1
synthetic-user-012,2024-03,8326.97,9355.59,2429.08,47,4,1
synthetic-user-013,2024-03,8380.56,5934.52,3075.28,32,4,0
synthetic-user-014,2024-03,8779.2,8104.83,-1524.48,40,4,0
synthetic-user-015,2024-03,9207.07,8821.11,3381.29,45,3,0
synthetic-user-016,2024-03,6384.97,5860.29,6554.29,40,8,0
synthetic-user-017,2024-03,10717.07,9601.75,8688.97,46,2,0
synthetic-user-018,2024-03,6704.04,4361.62,6309.42,26,5,0
synthetic-user-019,2024-03,9550.49,8912.18,-3244.08,51,8,0
synthetic-user-020,2024-03,8581.13,9521.8,428.14,57,4,1
synthetic-user-021,2024-03,7066.85,4521.48,3441.95,24,2,0
synthetic-user-022,2024-03,3290.2,2424.14,1761.75,10,1,0
synthetic-user-023,2024-03,2523.9,3131.39,2026.18,17,0,1
synthetic-user-024,2024-03,4600.75,3612.37,3696.99,14,1,0
synthetic-user-025,2024-03,10901.91,9239.13,2789.62,53,4,0
synthetic-user-026,2024-03,9822.79,9542.97,3035.73,61,4,0
synthetic-user-027,2024-03,9335.13,8942.05,-3265.84,40,2,0
synthetic-user-028,2024-03,6980.99,4984.93,1697.17,23,5,0
synthetic-user-029,2024-03,11464.0,11874.43,-6078.9,60,5,1
synthetic-user-030,2024-03,4249.93,5184.72,-3312.07,31,1,1
synthetic-user-001,2024-04,9547.68,8362.21,8204.11,40,8,0
synthetic-user-002,2024-04,5180.18,2442.94,3032.02,14,7,0
synthetic-user-003,2024-04,4265.46,4861.06,2489.46,25,1,1
synthetic-user-004,2024-04,10119.54,9026.31,3936.62,36,2,0
synthetic-user-005,2024-04,10637.97,8799.55,10282.98,53,8,0
synthetic-user-006,2024-04,5544.58,5006.33,8845.13,35,1,0
synthetic-user-007,2024-04,5638.87,6358.3,1021.35,38,6,1
synthetic-user-008,2024-04,8881.8,7259.27,7223.38,49,5,0
synthetic-user-009,2024-04,3756.37,2263.38,1902.76,10,3,0
synthetic-user-010,2024-04,3193.76,3556.29,652.19,14,4,1
synthetic-user-011,2024-04,3236.16,1394.07,-6249.65,4,1,0
synthetic-user-012,2024-04,8029.07,8663.0,1400.46,37,5,1
synthetic-user-013,2024-04,7500.8,5566.13,5521.32,27,6,0
synthetic-user-014,2024-04,9230.97,9224.44,-850.1,59,6,0
synthetic-user-015,2024-04,8805.65,7660.31,3767.26,43,2,0
synthetic-user-016,2024-04,6862.68,5247.99,7078.97,26,3,0
synthetic-user-017,2024-04,11219.12,9628.83,9804.29,52,8,0
synthetic-user-018,2024-04,7648.62,5950.18,8651.83,31,4,0
synthetic-user-019,2024-04,8728.84,9585.84,-2605.77,51,4,1
synthetic-user-020,2024-04,9241.17,9342.72,-512.53,47,4,1
synthetic-user-021,2024-04,5491.51,4231.73,5987.32,33,5,0
synthetic-user-022,2024-04,2044.73,1843.8,2627.81,11,1,0
synthetic-user-023,2024-04,2519.6,2286.63,1418.68,6,1,0
synthetic-user-024,2024-04,5264.82,2873.67,4685.36,20,1,0
synthetic-user-025,2024-04,10664.21,9503.41,4452.39,48,7,0
synthetic-user-026,2024-04,10179.59,8171.04,3315.55,53,4,0
synthetic-user-027,2024-04,9497.25,9770.34,-2872.76,47,4,1
synthetic-user-028,2024-04,6542.34,6248.49,3693.23,36,4,0
synthetic-user-029,2024-04,11535.06,12980.69,-6489.34,76,6,1
synthetic-user-030,2024-04,4067.59,3747.98,-4246.85,23,3,0
synthetic-user-001,2024-05,9414.87,8204.84,9389.57,49,5,0
synthetic-user-002,2024-05,5682.52,1793.3,5769.26,12,3,0
synthetic-user-003,2024-05,4060.81,2917.83,1893.85,18,4,0
synthetic-user-004,2024-05,9796.67,8579.25,5029.84,38,2,0
synthetic-user-005,2024-05,10817.12,7198.73,12121.4,50,12,0
synthetic-user-006,2024-05,6370.96,4136.76,9383.38,24,6,0
synthetic-user-007,2024-05,5468.0,5350.43,301.92,34,5,0
synthetic-user-008,2024-05,8925.71,7022.17,8845.92,54,2,0
synthetic-user-009,2024-05,1894.93,1986.03,3395.75,13,0,1
synthetic-user-010,2024-05,3469.8,2929.66,289.67,10,2,0
synthetic-user-011,2024-05,2731.83,3274.0,-4407.56,21,1,1
synthetic-user-012,2024-05,8194.48,7889.56,766.53,56,7,0
synthetic-user-013,2024-05,8132.55,6782.79,7455.99,39,3,0
synthetic-user-014,2024-05,8170.28,7735.35,-843.57,34,4,0
synthetic-user-015,2024-05,8872.78,9619.54,4912.6,49,2,1
synthetic-user-016,2024-05,7176.29,5053.82,8693.67,33,4,0
synthetic-user-017,2024-05,10936.39,8731.76,11394.58,44,7,0
synthetic-user-018,2024-05,7898.92,5037.47,10350.27,22,4,0
synthetic-user-019,2024-05,9160.75,12147.12,-3462.77,82,3,1
synthetic-user-020,2024-05,9696.79,9834.27,-614.07,65,4,1
synthetic-user-021,2024-05,6176.7,5198.01,7247.1,32,4,0
synthetic-user-022,2024-05,2206.37,827.92,2828.73,3,3,0
synthetic-user-023,2024-05,1732.45,4097.76,1651.65,21,2,1
synthetic-user-024,2024-05,4438.37,3291.51,7076.51,13,2,0
synthetic-user-025,2024-05,10512.62,9868.41,5613.2,58,5,0
synthetic-user-026,2024-05,9350.39,10431.6,5324.09,65,1,1
synthetic-user-027,2024-05,8808.9,10426.38,-3145.85,71,5,1
synthetic-user-028,2024-05,6280.1,6482.65,3987.08,36,0,1
synthetic-user-029,2024-05,11298.19,12540.28,-7934.96,75,6,1
synthetic-user-030,2024-05,5056.41,4070.65,-3927.24,33,1,0
synthetic-user-001,2024-06,8476.79,7364.11,10599.6,40,4,0
synthetic-user-002,2024-06,5172.98,5249.78,9658.49,33,4,1
synthetic-user-003,2024-06,4272.64,4206.62,3036.83,19,0,0
synthetic-user-004,2024-06,10277.79,7960.34,6247.26,44,7,0
synthetic-user-005,2024-06,10446.2,7754.76,15739.79,46,3,0
synthetic-user-006,2024-06,5678.04,3992.86,11617.59,15,2,0
synthetic-user-007,2024-06,6421.5,6105.75,419.5,48,3,0
synthetic-user-008,2024-06,8754.09,5556.9,10749.45,32,7,0
synthetic-user-009,2024-06,2580.36,3890.29,3304.66,19,1,1
synthetic-user-010,2024-06,2750.94,2091.85,829.8,12,2,0
synthetic-user-011,2024-06,3717.11,3090.84,-4949.73,14,1,0
synthetic-user-012,2024-06,6897.0,9406.75,1071.45,51,1,1
synthetic-user-013,2024-06,8053.74,7360.03,8805.75,40,7,0
synthetic-user-014,2024-06,8767.22,8067.69,-408.64,29,9,0
synthetic-user-015,2024-06,8748.99,9231.48,4165.84,48,8,1
synthetic-user-016,2024-06,7239.59,4993.96,10816.14,40,4,0
synthetic-user-017,2024-06,10412.43,8001.13,13599.21,51,7,0
synthetic-user-018,2024-06,7217.35,5319.91,13211.72,31,2,0
synthetic-user-019,2024-06,9230.7,8733.32,-6449.14,56,3,0
synthetic-user-020,2024-06,10769.31,8864.01,-751.55,53,4,0
synthetic-user-021,2024-06,6416.67,4002.82,8225.8,25,5,0
synthetic-user-022,2024-06,2349.48,1839.43,4207.18,10,0,0
synthetic-user-023,2024-06,2305.02,3344.21,-713.66,19,0,1
synthetic-user-024,2024-06,4271.46,5169.96,8223.36,39,1,1
synthetic-user-025,2024-06,10426.69,8270.3,6257.41,44,5,0
synthetic-user-026,2024-06,9638.66,9030.05,4242.88,51,4,0
synthetic-user-027,2024-06,9782.36,9536.26,-4763.34,52,3,0
synthetic-user-028,2024-06,7329.26,6595.46,3784.53,42,3,0
synthetic-user-029,2024-06,10757.86,11976.56,-9177.06,62,5,1
synthetic-user-030,2024-06,4482.03,4271.54,-2941.48,27,4,0
synthetic-user-001,2024-07,9270.49,6543.67,11712.28,32,2,0
synthetic-user-002,2024-07,5351.28,3710.13,9581.69,25,2,0
synthetic-user-003,2024-07,4756.22,3583.54,3102.86,19,5,0
synthetic-user-004,2024-07,11046.3,8351.44,8564.71,38,5,0
synthetic-user-005,2024-07,10828.69,8657.31,18431.24,43,6,0
synthetic-user-006,2024-07,6024.6,4662.73,13302.77,27,3,0
synthetic-user-007,2024-07,6740.57,6559.52,735.24,36,5,0
synthetic-user-008,2024-07,8139.82,7540.88,13946.65,33,4,0
synthetic-user-009,2024-07,3154.48,1469.65,1994.73,6,3,0
synthetic-user-010,2024-07,3540.46,1942.74,1488.89,12,3,0
synthetic-user-011,2024-07,3728.18,3879.08,-4323.45,22,5,1
synthetic-user-012,2024-07,7531.44,8912.66,-1438.3,61,5,1
synthetic-user-013,2024-07,7581.7,7863.33,9499.47,35,3,1
synthetic-user-014,2024-07,8926.18,8008.47,290.89,58,8,0
synthetic-user-015,2024-07,8341.99,9117.58,3683.35,40,4,1
synthetic-user-016,2024-07,6598.42,5142.56,13061.78,22,3,0
synthetic-user-017,2024-07,11148.47,9233.4,16010.51,48,9,0
synthetic-user-018,2024-07,8094.71,5669.23,15109.17,35,5,0
synthetic-user-019,2024-07,8443.0,8635.05,-5951.76,51,6,1
synthetic-user-020,2024-07,9262.9,10112.84,1153.76,55,9,1
synthetic-user-021,2024-07,6621.79,3942.25,10639.65,15,1,0
synthetic-user-022,2024-07,2962.99,2507.65,4717.22,19,0,0
synthetic-user-023,2024-07,1973.35,3778.78,-1752.85,17,1,1
synthetic-user-024,2024-07,3808.6,3305.94,7324.86,20,3,0
synthetic-user-025,2024-07,10011.11,8083.09,8413.8,51,4,0
synthetic-user-026,2024-07,9819.37,9979.56,4851.49,61,5,1
synthetic-user-027,2024-07,9499.13,9736.71,-4517.24,52,8,1
synthetic-user-028,2024-07,7065.56,5151.16,4518.34,36,2,0
synthetic-user-029,2024-07,11474.73,12456.51,-10395.75,79,9,1
synthetic-user-030,2024-07,4180.03,5718.14,-2730.99,33,4,1
synthetic-user-001,2024-08,9200.44,7623.26,14439.1,32,4,0
synthetic-user-002,2024-08,5285.54,3311.52,11222.84,20,3,0
synthetic-user-003,2024-08,5150.33,4246.63,4275.53,12,2,0
synthetic-user-004,2024-08,10426.64,8744.06,11259.57,43,2,0
synthetic-user-005,2024-08,10735.14,8642.18,20602.62,52,8,0
synthetic-user-006,2024-08,6291.3,5755.91,14664.65,33,3,0
synthetic-user-007,2024-08,6005.68,5789.56,916.29,32,3,0
synthetic-user-008,2024-08,9570.41,8363.89,14545.59,43,9,0
synthetic-user-009,2024-08,3033.37,1944.65,3679.56,9,2,0
synthetic-user-010,2024-08,2866.81,2175.77,3086.61,17,0,0
synthetic-user-011,2024-08,3581.59,4573.2,-4474.35,18,4,1
synthetic-user-012,2024-08,8114.85,8600.79,-2819.52,39,5,1
synthetic-user-013,2024-08,7383.94,6861.27,9217.84,29,2,0
synthetic-user-014,2024-08,8997.04,7355.12,1208.6,36,5,0
synthetic-user-015,2024-08,8358.47,8446.52,2907.76,37,3,1
synthetic-user-016,2024-08,5874.62,6496.88,14517.64,29,6,1
synthetic-user-017,2024-08,11332.81,10202.59,17925.58,61,5,0
synthetic-user-018,2024-08,7504.9,5900.49,17534.65,40,6,0
synthetic-user-019,2024-08,9097.33,7976.52,-6143.81,44,9,0
synthetic-user-020,2024-08,9001.54,9753.77,303.82,50,8,1
synthetic-user-021,2024-08,6144.01,3890.35,13319.19,16,3,0
synthetic-user-022,2024-08,2818.67,2121.87,5172.56,9,1,0
synthetic-user-023,2024-08,2263.01,2991.04,-3558.29,12,2,1
synthetic-user-024,2024-08,4838.84,4477.07,7827.52,30,3,0
synthetic-user-025,2024-08,10588.66,7415.31,10341.82,43,4,0
synthetic-user-026,2024-08,9320.92,8369.58,4691.3,41,6,0
synthetic-user-027,2024-08,9119.67,11206.32,-4754.83,63,5,1
synthetic-user-028,2024-08,6078.36,5175.0,6432.75,21,3,0
synthetic-user-029,2024-08,11026.28,12368.99,-11377.53,73,6,1
synthetic-user-030,2024-08,4421.34,5088.34,-4269.1,24,2,1
synthetic-user-001,2024-09,9705.47,7053.11,16016.28,42,5,0
synthetic-user-002,2024-09,5551.09,4365.68,13196.85,33,5,0
synthetic-user-003,2024-09,4742.29,3717.63,5179.23,17,2,0
synthetic-user-004,2024-09,9869.14,6630.46,12942.15,39,1,0
synthetic-user-005,2024-09,10136.05,8385.21,22695.58,52,9,0
synthetic-user-006,2024-09,6117.51,2871.57,15200.04,20,2,0
synthetic-user-007,2024-09,5369.94,6935.23,1132.41,32,3,1
synthetic-user-008,2024-09,8476.93,6828.61,15752.1,35,3,0
synthetic-user-009,2024-09,2161.95,2462.59,4768.27,13,0,1
synthetic-user-010,2024-09,3605.27,3563.65,3777.65,17,0,0
synthetic-user-011,2024-09,2782.85,2646.2,-5465.97,11,1,0
synthetic-user-012,2024-09,6945.34,8597.37,-3305.46,41,6,1
synthetic-user-013,2024-09,7699.46,7339.91,9740.51,33,1,0
synthetic-user-014,2024-09,9339.99,8759.31,2850.51,47,4,0
synthetic-user-015,2024-09,8999.82,7483.06,2819.71,43,6,0
synthetic-user-016,2024-09,5626.64,6044.03,13895.38,42,4,1
synthetic-user-017,2024-09,10258.12,8785.17,19055.8,39,5,0
synthetic-user-018,2024-09,6976.66,5551.53,19139.07,35,6,0
synthetic-user-019,2024-09,8606.22,8778.07,-5023.0,51,3,1
synthetic-user-020,2024-09,8993.15,9968.12,-448.41,49,4,1
synthetic-user-021,2024-09,6073.33,3889.19,15572.85,21,3,0
synthetic-user-022,2024-09,2461.41,3554.46,5869.36,19,0,1
synthetic-user-023,2024-09,2666.62,3156.84,-4286.31,15,0,1
synthetic-user-024,2024-09,3169.13,4062.4,8189.3,22,2,1
synthetic-user-025,2024-09,10947.72,9131.52,13515.16,51,5,0
synthetic-user-026,2024-09,9922.54,8352.23,5642.64,41,7,0
synthetic-user-027,2024-09,9679.36,9968.56,-6841.48,55,7,1
synthetic-user-028,2024-09,7144.09,5579.28,7336.11,33,3,0
synthetic-user-029,2024-09,10247.93,12407.61,-12720.24,65,6,1
synthetic-user-030,2024-09,5084.66,4218.87,-4936.11,20,4,0
synthetic-user-001,2024-10,8786.35,6302.67,18668.65,44,9,0
synthetic-user-002,2024-10,4189.3,5067.45,14382.26,36,4,1
synthetic-user-003,2024-10,4548.14,4012.47,6203.9,20,2,0
synthetic-user-004,2024-10,10225.47,7400.3,16180.83,35,9,0
synthetic-user-005,2024-10,10429.55,10358.47,24446.41,51,6,0
synthetic-user-006,2024-10,5506.97,6222.5,18445.98,40,2,1
synthetic-user-007,2024-10,6223.01,4762.95,-432.88,25,3,0
synthetic-user-008,2024-10,8147.16,7045.22,17400.43,40,5,0
synthetic-user-009,2024-10,2859.17,2313.36,4467.63,13,2,0
synthetic-user-010,2024-10,2828.01,2299.03,3819.28,18,0,0
synthetic-user-011,2024-10,3772.98,3105.62,-5329.32,20,1,0
synthetic-user-012,2024-10,8563.09,8586.45,-4957.49,43,7,1
synthetic-user-013,2024-10,8278.37,8409.23,10100.06,61,2,1
synthetic-user-014,2024-10,8776.24,7820.61,3431.2,31,6,0
synthetic-user-015,2024-10,9060.19,8915.82,4336.46,58,5,0
synthetic-user-016,2024-10,6120.95,4826.45,13477.99,28,3,0
synthetic-user-017,2024-10,10096.8,9294.29,20528.75,68,0,0
synthetic-user-018,2024-10,7152.05,6003.25,20564.2,33,1,0
synthetic-user-019,2024-10,9755.97,9704.33,-5194.85,47,3,0
synthetic-user-020,2024-10,9337.13,9241.27,-1423.37,46,4,0
synthetic-user-021,2024-10,5997.95,3980.02,17756.99,19,5,0
synthetic-user-022,2024-10,3133.36,2752.98,4776.32,16,1,0
synthetic-user-023,2024-10,2440.32,1386.26,-4776.52,6,2,0
synthetic-user-024,2024-10,4920.38,5430.81,7296.03,33,3,1
synthetic-user-025,2024-10,10275.01,9078.49,15331.36,52,10,0
synthetic-user-026,2024-10,9357.25,10507.21,7212.94,57,4,1
synthetic-user-027,2024-10,9294.21,10120.13,-7130.69,47,6,1
synthetic-user-028,2024-10,6527.07,6254.7,8900.91,38,7,0
synthetic-user-029,2024-10,10660.77,13022.66,-14879.93,68,6,1
synthetic-user-030,2024-10,3980.4,4941.25,-4070.32,20,4,1
synthetic-user-001,2024-11,8694.16,7640.57,21152.32,45,7,0
synthetic-user-002,2024-11,5121.93,3204.02,13504.11,13,1,0
synthetic-user-003,2024-11,4756.39,4471.08,6739.57,25,7,0
synthetic-user-004,2024-11,10813.2,8620.81,19005.99,40,2,0
synthetic-user-005,2024-11,10915.56,7902.92,24517.49,51,2,0
synthetic-user-006,2024-11,5645.28,5307.71,17730.44,29,5,0
synthetic-user-007,2024-11,5003.59,5185.89,1027.18,20,10,1
synthetic-user-008,2024-11,8811.66,8897.18,18502.37,48,6,1
synthetic-user-009,2024-11,2767.11,1200.08,5013.44,8,2,0
synthetic-user-010,2024-11,3671.35,2917.8,4348.26,18,0,0
synthetic-user-011,2024-11,2932.96,3207.04,-4661.96,19,2,1
synthetic-user-012,2024-11,8143.19,9579.76,-4980.85,46,6,1
synthetic-user-013,2024-11,7899.8,7844.54,9969.21,46,6,0
synthetic-user-014,2024-11,9249.63,6841.49,4386.82,40,3,0
synthetic-user-015,2024-11,8497.38,8957.32,4480.83,66,2,1
synthetic-user-016,2024-11,6730.71,4034.1,14772.49,27,3,0
synthetic-user-017,2024-11,10444.53,10844.27,21331.26,51,8,1
synthetic-user-018,2024-11,7056.93,6098.46,21713.0,32,2,0
synthetic-user-019,2024-11,7553.19,9999.45,-5143.21,62,4,1
synthetic-user-020,2024-11,9901.8,8511.23,-1327.51,51,3,0
synthetic-user-021,2024-11,6548.41,4216.82,19774.91,24,4,0
synthetic-user-022,2024-11,2585.17,1527.13,5156.7,8,0,0
synthetic-user-023,2024-11,2342.06,1440.85,-3722.46,6,1,0
synthetic-user-024,2024-11,4921.79,4647.78,6785.59,30,1,0
synthetic-user-025,2024-11,11495.73,9932.94,16527.88,41,4,0
synthetic-user-026,2024-11,10124.9,9287.58,6062.98,43,2,0
synthetic-user-027,2024-11,9222.32,11678.86,-7956.61,71,2,1
synthetic-user-028,2024-11,6116.93,5736.37,9173.29,35,3,0
synthetic-user-029,2024-11,10385.57,12007.02,-17241.82,67,6,1
synthetic-user-030,2024-11,4139.35,5753.01,-5031.17,41,2,1
synthetic-user-001,2024-12,10848.07,8511.42,22205.92,40,4,0
synthetic-user-002,2024-12,5063.37,4373.11,15422.02,35,5,0
synthetic-user-003,2024-12,4512.51,4730.77,7024.88,21,3,1
synthetic-user-004,2024-12,12572.99,10914.6,21198.39,71,6,0
synthetic-user-005,2024-12,11464.62,8674.18,27530.13,39,8,0
synthetic-user-006,2024-12,4935.71,4422.7,18068.01,21,3,0
synthetic-user-007,2024-12,5687.36,8174.93,844.88,39,4,1
synthetic-user-008,2024-12,8866.88,9459.13,18416.85,55,7,1
synthetic-user-009,2024-12,3802.24,2862.94,6580.46,15,2,0
synthetic-user-010,2024-12,4031.46,1143.68,5101.81,4,3,0
synthetic-user-011,2024-12,3894.77,3940.62,-4936.03,22,2,1
synthetic-user-012,2024-12,8724.35,10090.81,-6417.42,54,12,1
synthetic-user-013,2024-12,8796.45,9788.38,10024.46,67,5,1
synthetic-user-014,2024-12,10804.89,8912.9,6794.97,61,2,0
synthetic-user-015,2024-12,11100.23,11261.83,4020.89,77,7,1
synthetic-user-016,2024-12,7273.14,6370.74,17469.1,30,4,0
synthetic-user-017,2024-12,11830.36,11377.72,20931.53,71,6,0
synthetic-user-018,2024-12,8437.59,7604.81,22671.47,42,5,0
synthetic-user-019,2024-12,9648.15,9284.96,-7589.47,51,6,0
synthetic-user-020,2024-12,11366.22,9488.26,63.06,52,0,0
synthetic-user-021,2024-12,6555.63,4722.91,22106.5,24,3,0
synthetic-user-022,2024-12,3032.37,1831.0,6214.74,10,2,0
synthetic-user-023,2024-12,3133.81,1379.17,-2821.25,10,6,0
synthetic-user-024,2024-12,5101.21,4449.73,7059.6,27,2,0
synthetic-user-025,2024-12,11882.55,9963.5,18090.67,44,6,0
synthetic-user-026,2024-12,11396.23,11278.34,6900.31,86,6,0
synthetic-user-027,2024-12,10671.3,14034.55,-10413.14,70,5,1
synthetic-user-028,2024-12,6459.63,5397.08,9553.85,31,5,0
synthetic-user-029,2024-12,12096.48,14807.85,-18863.28,70,11,1
synthetic-user-030,2024-12,5012.24,5885.0,-6644.83,34,1,1
synthetic-user-001,2025-01,9458.76,6964.51,24542.57,28,4,0
synthetic-user-002,2025-01,6163.91,4308.58,16112.28,23,3,0
synthetic-user-003,2025-01,4100.11,5308.63,6806.63,26,2,1
synthetic-user-004,2025-01,9965.73,9180.9,22856.78,53,5,0
synthetic-user-005,2025-01,10329.84,9819.65,30320.57,54,5,0
synthetic-user-006,2025-01,6430.34,5166.07,18581.02,31,3,0
synthetic-user-007,2025-01,5215.98,6846.7,-1642.69,35,4,1
synthetic-user-008,2025-01,7749.41,8903.95,17824.61,62,4,1
synthetic-user-009,2025-01,3544.8,1467.57,7519.77,5,2,0
synthetic-user-010,2025-01,3059.32,2859.83,7989.59,13,1,0
synthetic-user-011,2025-01,2395.96,3617.57,-4981.88,21,1,1
synthetic-user-012,2025-01,8352.76,9394.91,-7783.88,54,7,1
synthetic-user-013,2025-01,7386.12,8906.31,9032.52,58,4,1
synthetic-user-014,2025-01,8632.07,8537.96,8686.95,40,4,0
synthetic-user-015,2025-01,7733.28,10579.21,3859.29,59,6,1
synthetic-user-016,2025-01,6558.55,6993.53,18371.51,37,1,1
synthetic-user-017,2025-01,10516.92,12212.15,21384.16,69,10,1
synthetic-user-018,2025-01,7568.25,7549.99,23504.25,42,2,0
synthetic-user-019,2025-01,8503.19,10709.92,-7226.28,65,3,1
synthetic-user-020,2025-01,9463.01,9836.19,1941.01,45,6,1
synthetic-user-021,2025-01,6608.94,3118.83,23939.23,17,4,0
synthetic-user-022,2025-01,1108.2,3115.56,7416.12,18,0,1
synthetic-user-023,2025-01,2385.58,2105.38,-1066.61,10,1,0
synthetic-user-024,2025-01,3427.88,5542.02,7711.08,26,1,1
synthetic-user-025,2025-01,10650.5,9959.51,20009.73,48,9,0
synthetic-user-026,2025-01,9974.15,9101.54,7018.2,33,7,0
synthetic-user-027,2025-01,9416.1,12701.8,-13776.38,84,4,1
synthetic-user-028,2025-01,7660.11,4947.13,10616.4,32,5,0
synthetic-user-029,2025-01,10371.68,13859.26,-21574.65,79,9,1
synthetic-user-030,2025-01,4539.39,6964.59,-7517.59,53,3,1
synthetic-user-001,2025-02,11158.51,7421.17,27036.82,33,6,0
synthetic-user-002,2025-02,4380.93,2637.71,17967.61,12,4,0
synthetic-user-003,2025-02,4522.24,3020.81,5598.1,20,8,0
synthetic-user-004,2025-02,11051.73,8131.84,23641.6,52,10,0
synthetic-user-005,2025-02,10363.79,7941.71,30830.76,41,7,0
synthetic-user-006,2025-02,4728.67,4849.24,19845.29,20,2,1
synthetic-user-007,2025-02,6363.92,7097.32,-3273.41,53,1,1
synthetic-user-008,2025-02,8992.03,8483.77,16670.07,53,3,0
synthetic-user-009,2025-02,3501.12,2299.27,9597.0,17,2,0
synthetic-user-010,2025-02,3515.35,1779.52,8189.08,11,3,0
synthetic-user-011,2025-02,3465.76,3760.8,-6203.49,18,4,1
synthetic-user-012,2025-02,8250.68,8223.88,-8826.03,38,7,0
synthetic-user-013,2025-02,7504.57,9589.72,7512.33,45,0,1
synthetic-user-014,2025-02,8679.65,9236.51,8781.06,65,6,1
synthetic-user-015,2025-02,8523.35,8011.08,1013.36,40,3,0
synthetic-user-016,2025-02,5788.59,4034.1,17936.53,16,5,0
synthetic-user-017,2025-02,10735.66,8847.58,19688.93,60,7,0
synthetic-user-018,2025-02,7245.01,6385.12,23522.51,34,2,0
synthetic-user-019,2025-02,8808.38,9311.35,-9433.01,52,1,1
synthetic-user-020,2025-02,9899.31,9536.49,1567.83,41,5,0
synthetic-user-021,2025-02,6418.5,3177.47,27429.35,20,5,0
synthetic-user-022,2025-02,2265.67,1797.63,5408.76,14,2,0
synthetic-user-023,2025-02,3393.9,3146.2,-786.41,14,3,0
synthetic-user-024,2025-02,4488.37,2963.43,5596.94,15,0,0
synthetic-user-025,2025-02,11489.76,7630.93,20700.71,51,3,0
synthetic-user-026,2025-02,10538.94,9934.9,7890.81,45,10,0
synthetic-user-027,2025-02,9418.04,10192.21,-17062.08,60,5,1
synthetic-user-028,2025-02,7500.04,7287.21,13329.37,44,8,0
synthetic-user-029,2025-02,11095.37,13685.29,-25062.23,62,2,1
synthetic-user-030,2025-02,4765.32,5006.29,-9942.79,32,5,1
synthetic-user-001,2025-03,8912.16,6632.8,30774.16,34,6,0
synthetic-user-002,2025-03,5364.39,4037.34,19710.82,18,2,0
synthetic-user-003,2025-03,4009.34,4380.23,7099.54,18,5,1
synthetic-user-004,2025-03,10318.71,7594.74,26561.49,36,6,0
synthetic-user-005,2025-03,9570.42,7846.92,33252.84,33,7,0
synthetic-user-006,2025-03,4569.0,3818.04,19724.72,23,4,0
synthetic-user-007,2025-03,5429.04,6361.27,-4006.81,41,1,1
synthetic-user-008,2025-03,8185.52,7357.0,17178.33,44,4,0
synthetic-user-009,2025-03,3576.25,205.77,10798.84,1,3,0
synthetic-user-010,2025-03,3692.6,2324.65,9924.91,13,7,0
synthetic-user-011,2025-03,1789.35,3143.91,-6498.52,19,0,1
synthetic-user-012,2025-03,7766.45,9890.46,-8799.23,65,5,1
synthetic-user-013,2025-03,7477.39,7285.13,5427.18,42,5,0
synthetic-user-014,2025-03,8633.37,7548.47,8224.2,46,1,0
synthetic-user-015,2025-03,7730.95,9310.7,1525.63,50,4,1
synthetic-user-016,2025-03,6206.93,7230.01,19691.01,41,5,1
synthetic-user-017,2025-03,9905.0,9724.9,21577.02,57,3,0
synthetic-user-018,2025-03,8404.63,5547.96,24382.4,34,10,0
synthetic-user-019,2025-03,8507.28,8490.25,-9935.98,41,4,0
synthetic-user-020,2025-03,9474.32,10049.06,1930.65,59,4,1
synthetic-user-021,2025-03,6048.88,5389.42,30670.38,29,2,0
synthetic-user-022,2025-03,1250.31,3674.59,5876.8,17,1,1
synthetic-user-023,2025-03,2955.6,1182.62,-538.7,6,2,0
synthetic-user-024,2025-03,3935.42,3234.63,7121.88,21,2,0
synthetic-user-025,2025-03,11232.08,8760.42,24559.54,53,10,0
synthetic-user-026,2025-03,10318.61,8611.22,8494.86,50,7,0
synthetic-user-027,2025-03,9035.37,10749.91,-17836.25,68,5,1
synthetic-user-028,2025-03,6747.62,6897.1,13542.21,37,0,1
synthetic-user-029,2025-03,9647.32,12968.22,-27652.16,70,3,1
synthetic-user-030,2025-03,4888.73,3654.86,-10183.76,14,0,0
synthetic-user-001,2025-04,10216.67,6231.71,33053.52,43,6,0
synthetic-user-002,2025-04,5118.47,4591.18,21037.87,27,2,0
synthetic-user-003,2025-04,4217.02,3782.6,6728.65,22,5,0
synthetic-user-004,2025-04,9671.64,8116.96,29285.46,35,7,0
synthetic-user-005,2025-04,10399.06,7707.74,34976.34,42,1,0
synthetic-user-006,2025-04,5398.97,4051.18,20475.68,34,1,0
synthetic-user-007,2025-04,5949.64,7058.96,-4939.04,56,3,1
synthetic-user-008,2025-04,8357.32,6104.52,18006.85,30,7,0
synthetic-user-009,2025-04,3381.4,2876.5,14169.32,18,1,0
synthetic-user-010,2025-04,4843.92,2597.81,11292.86,17,2,0
synthetic-user-011,2025-04,2254.56,4497.08,-7853.08,24,2,1
synthetic-user-012,2025-04,8452.92,8646.38,-10923.24,40,9,1
synthetic-user-013,2025-04,8215.18,7115.82,5619.45,34,2,0
synthetic-user-014,2025-04,9457.37,8823.02,9309.11,53,2,0
synthetic-user-015,2025-04,8818.91,8925.3,-54.12,51,7,1
synthetic-user-016,2025-04,5823.78,7650.02,18667.93,36,2,1
synthetic-user-017,2025-04,11007.9,9194.02,21757.12,40,5,0
synthetic-user-018,2025-04,7515.62,7199.98,27239.07,28,1,0
synthetic-user-019,2025-04,9289.74,9597.81,-9918.94,35,7,1
synthetic-user-020,2025-04,7671.85,9547.67,1355.91,59,3,1
synthetic-user-021,2025-04,6595.48,3046.87,31329.83,14,6,0
synthetic-user-022,2025-04,1826.48,2782.01,3452.52,22,3,1
synthetic-user-023,2025-04,2616.04,2673.58,1234.27,14,1,1
synthetic-user-024,2025-04,4081.61,5126.92,7822.67,43,2,1
synthetic-user-025,2025-04,10841.47,8600.58,27031.19,45,6,0
synthetic-user-026,2025-04,10675.47,8716.3,10202.24,61,10,0
synthetic-user-027,2025-04,8888.82,12650.61,-19550.8,82,5,1
synthetic-user-028,2025-04,5826.2,4294.24,13392.72,34,5,0
synthetic-user-029,2025-04,10104.81,12687.91,-30973.05,84,3,1
synthetic-user-030,2025-04,4592.39,4409.18,-8949.89,25,8,0
synthetic-user-001,2025-05,9925.34,6791.34,37038.48,42,5,0
synthetic-user-002,2025-05,4285.65,2075.88,21565.15,14,0,0
synthetic-user-003,2025-05,4700.14,4816.62,7163.07,25,0,1
synthetic-user-004,2025-05,11553.12,7821.4,30840.13,37,11,0
synthetic-user-005,2025-05,10105.67,8298.56,37667.66,44,7,0
synthetic-user-006,2025-05,5137.62,5433.86,21823.47,22,1,1
synthetic-user-007,2025-05,6539.19,5760.4,-6048.36,27,5,0
synthetic-user-008,2025-05,8606.1,8409.77,20259.65,53,7,0
synthetic-user-009,2025-05,3816.7,2814.81,14674.22,16,3,0
synthetic-user-010,2025-05,3293.05,2317.57,13538.96,15,1,0
synthetic-user-011,2025-05,2044.43,3421.14,-10095.6,13,1,1
synthetic-user-012,2025-05,9050.75,8165.58,-11116.69,46,4,0
synthetic-user-013,2025-05,7520.18,9038.41,6718.81,56,5,1
synthetic-user-014,2025-05,9440.07,8799.21,9943.45,47,7,0
synthetic-user-015,2025-05,8636.34,9683.89,-160.52,51,3,1
synthetic-user-016,2025-05,7180.63,4595.9,16841.69,27,2,0
synthetic-user-017,2025-05,10348.98,10206.07,23571.0,54,7,0
synthetic-user-018,2025-05,8051.86,5260.24,27554.71,37,4,0
synthetic-user-019,2025-05,8770.61,8992.12,-10227.01,53,4,1
synthetic-user-020,2025-05,9329.3,9743.39,-519.91,54,8,1
synthetic-user-021,2025-05,6493.77,3328.87,34878.45,22,3,0
synthetic-user-022,2025-05,1869.83,2710.8,2496.99,13,1,1
synthetic-user-023,2025-05,2688.97,2652.66,1176.73,10,1,0
synthetic-user-024,2025-05,4060.86,3431.68,6777.36,13,1,0
synthetic-user-025,2025-05,10832.6,8766.27,29272.08,37,4,0
synthetic-user-026,2025-05,10577.45,10503.5,12161.42,71,1,0
synthetic-user-027,2025-05,9207.63,10787.55,-23312.59,53,4,1
synthetic-user-028,2025-05,6151.62,6730.64,14924.68,42,2,1
synthetic-user-029,2025-05,10290.14,12624.09,-33556.15,67,9,1
synthetic-user-030,2025-05,5397.61,3599.16,-8766.68,20,1,0
synthetic-user-001,2025-06,9281.03,5723.93,40172.47,33,3,0
synthetic-user-002,2025-06,5697.25,3895.48,23774.92,27,3,0
synthetic-user-003,2025-06,3913.17,4401.7,7046.6,20,5,1
synthetic-user-004,2025-06,10805.59,8097.81,34571.86,40,5,0
synthetic-user-005,2025-06,10203.33,8560.52,39474.77,53,5,0
synthetic-user-006,2025-06,6458.12,5085.69,21527.22,44,5,0
synthetic-user-007,2025-06,6478.1,6550.67,-5269.57,30,3,1
synthetic-user-008,2025-06,7678.03,8017.75,20455.98,36,6,1
synthetic-user-009,2025-06,3437.36,1388.17,15676.1,9,0,0
synthetic-user-010,2025-06,4350.35,2715.56,14514.44,18,0,0
synthetic-user-011,2025-06,4028.25,3220.87,-11472.31,16,2,0
synthetic-user-012,2025-06,8084.51,8306.59,-10231.53,44,4,1
synthetic-user-013,2025-06,7744.0,8585.95,5200.59,37,2,1
synthetic-user-014,2025-06,9069.1,7853.01,10584.31,49,5,0
synthetic-user-015,2025-06,8416.24,10040.83,-1208.06,67,5,1
synthetic-user-016,2025-06,6324.64,5728.08,19426.43,40,2,0
synthetic-user-017,2025-06,10540.18,9116.59,23713.91,49,4,0
synthetic-user-018,2025-06,8740.69,6466.25,30346.33,24,5,0
synthetic-user-019,2025-06,8171.02,9234.97,-10448.52,49,3,1
synthetic-user-020,2025-06,9372.66,9786.65,-934.0,42,4,1
synthetic-user-021,2025-06,5795.36,3631.44,38043.36,23,2,0
synthetic-user-022,2025-06,1660.81,2395.08,1656.03,13,0,1
synthetic-user-023,2025-06,1962.15,1857.21,1213.04,8,1,0
synthetic-user-024,2025-06,3720.55,3236.63,7406.54,18,2,0
synthetic-user-025,2025-06,8648.29,8898.45,31338.41,43,7,1
synthetic-user-026,2025-06,11042.99,9506.52,12235.37,50,2,0
synthetic-user-027,2025-06,8968.42,11211.26,-24892.51,69,4,1
synthetic-user-028,2025-06,6244.12,7453.45,14345.66,26,4,1
synthetic-user-029,2025-06,9137.37,11954.8,-35890.1,70,3,1
synthetic-user-030,2025-06,5665.8,4424.55,-6968.23,22,4,0
synthetic-user-001,2025-07,10643.87,6034.88,43729.57,28,4,0
synthetic-user-002,2025-07,4299.8,3248.29,25576.7,19,4,0
synthetic-user-003,2025-07,4210.75,4246.37,6558.07,22,2,1
synthetic-user-004,2025-07,10027.09,7757.55,37279.64,43,3,0
synthetic-user-005,2025-07,10383.75,8239.38,41117.59,44,6,0
synthetic-user-006,2025-07,5309.68,5025.94,22899.64,39,4,0
synthetic-user-007,2025-07,5538.45,6068.21,-5342.14,38,6,1
synthetic-user-008,2025-07,7450.79,6660.23,20116.26,34,3,0
synthetic-user-009,2025-07,2693.59,3664.17,17725.3,21,0,1
synthetic-user-010,2025-07,3915.73,3227.13,16149.22,16,4,0
synthetic-user-011,2025-07,3025.83,3524.87,-10664.93,18,1,1
synthetic-user-012,2025-07,7854.85,8690.38,-10453.6,49,4,1
synthetic-user-013,2025-07,7988.68,8292.28,4358.64,45,3,1
synthetic-user-014,2025-07,9300.73,8503.49,11800.41,54,5,0
synthetic-user-015,2025-07,8724.55,11370.75,-2832.64,58,1,1
synthetic-user-016,2025-07,6321.92,6764.17,20022.99,34,1,1
synthetic-user-017,2025-07,9858.85,10222.3,25137.5,41,3,1
synthetic-user-018,2025-07,8128.65,6176.36,32620.77,28,3,0
synthetic-user-019,2025-07,9711.2,9417.6,-11512.47,64,4,0
synthetic-user-020,2025-07,8957.74,9976.34,-1348.0,46,6,1
synthetic-user-021,2025-07,6260.94,2489.88,40207.27,17,3,0
synthetic-user-022,2025-07,2189.17,1366.11,921.76,5,1,0
synthetic-user-023,2025-07,1514.18,2919.78,1317.98,14,3,1
synthetic-user-024,2025-07,4614.17,4307.11,7890.46,18,2,0
synthetic-user-025,2025-07,11161.3,8000.99,31088.25,51,11,0
synthetic-user-026,2025-07,11107.96,8988.49,13771.84,31,5,0
synthetic-user-027,2025-07,9151.53,12245.6,-27135.34,76,10,1
synthetic-user-028,2025-07,7198.61,7291.45,13136.34,30,1,1
synthetic-user-029,2025-07,10918.93,12429.29,-38707.54,70,9,1
synthetic-user-030,2025-07,5954.73,4490.91,-5726.98,21,2,0
synthetic-user-001,2025-08,10311.07,5042.73,48338.57,26,7,0
synthetic-user-002,2025-08,4981.19,2502.09,26628.21,13,1,0
synthetic-user-003,2025-08,5113.15,3395.42,6522.46,17,4,0
synthetic-user-004,2025-08,10723.89,7902.81,39549.18,45,8,0
synthetic-user-005,2025-08,10858.4,6602.13,43261.95,43,6,0
synthetic-user-006,2025-08,5679.67,5180.88,23183.38,26,6,0
synthetic-user-007,2025-08,6826.68,8290.87,-5871.9,42,2,1
synthetic-user-008,2025-08,8277.89,7491.4,20906.82,43,1,0
synthetic-user-009,2025-08,3361.51,3057.68,16754.72,24,0,0
synthetic-user-010,2025-08,4130.45,3135.14,16837.82,16,2,0
synthetic-user-011,2025-08,2909.51,3811.68,-11163.97,26,2,1
synthetic-user-012,2025-08,8124.33,7897.99,-11289.13,37,5,0
synthetic-user-013,2025-08,7976.73,10027.21,4055.03,58,8,1
synthetic-user-014,2025-08,9657.34,8217.23,12597.66,38,4,0
synthetic-user-015,2025-08,8316.08,8698.34,-5478.85,46,5,1
synthetic-user-016,2025-08,5536.91,5155.84,19580.75,35,11,0
synthetic-user-017,2025-08,9997.56,9701.8,24774.04,40,4,0
synthetic-user-018,2025-08,8261.02,6098.94,34573.07,31,2,0
synthetic-user-019,2025-08,8654.13,9696.36,-11218.87,48,8,1
synthetic-user-020,2025-08,9011.49,9511.05,-2366.6,55,4,1
synthetic-user-021,2025-08,5726.25,3342.9,43978.33,15,3,0
synthetic-user-022,2025-08,1477.55,1576.03,1744.82,11,1,1
synthetic-user-023,2025-08,2761.22,3333.51,-87.61,21,1,1
synthetic-user-024,2025-08,3110.66,2048.29,8197.52,9,2,0
synthetic-user-025,2025-08,10808.66,6741.6,34248.56,41,11,0
synthetic-user-026,2025-08,10555.82,9452.18,15891.31,46,7,0
synthetic-user-027,2025-08,8775.12,11081.84,-30229.41,49,5,1
synthetic-user-028,2025-08,7524.74,5028.07,13043.5,21,2,0
synthetic-user-029,2025-08,10167.31,12619.59,-40217.9,66,9,1
synthetic-user-030,2025-08,6167.64,4885.14,-4263.17,22,5,0
synthetic-user-001,2025-09,10538.4,7045.56,53606.91,30,5,0
synthetic-user-002,2025-09,4958.78,4237.75,29107.31,25,2,0
synthetic-user-003,2025-09,4337.62,3344.38,8240.2,16,0,0
synthetic-user-004,2025-09,9909.92,7409.63,42370.26,49,3,0
synthetic-user-005,2025-09,9890.77,8288.0,47518.22,46,8,0
synthetic-user-006,2025-09,6119.67,3878.39,23682.18,16,4,0
synthetic-user-007,2025-09,6180.16,7055.25,-7336.09,37,2,1
synthetic-user-008,2025-09,8646.9,8067.98,21693.3,55,4,0
synthetic-user-009,2025-09,3307.73,1160.26,17058.55,3,1,0
synthetic-user-010,2025-09,4309.95,2871.83,17833.13,23,2,0
synthetic-user-011,2025-09,2786.11,3425.74,-12066.13,19,3,1
synthetic-user-012,2025-09,7755.31,10447.94,-11062.79,61,8,1
synthetic-user-013,2025-09,7453.03,9973.49,2004.55,56,5,1
synthetic-user-014,2025-09,9755.02,8793.41,14037.77,50,6,0
synthetic-user-015,2025-09,8440.55,8520.86,-5861.12,47,11,1
synthetic-user-016,2025-09,6478.54,6104.14,19961.81,38,8,0
synthetic-user-017,2025-09,9667.2,8985.67,25069.81,49,5,0
synthetic-user-018,2025-09,7827.38,6192.8,36735.14,39,5,0
synthetic-user-019,2025-09,8867.89,9459.1,-12261.1,47,6,1
synthetic-user-020,2025-09,8701.56,8907.38,-2866.16,40,5,1
synthetic-user-021,2025-09,4927.13,2671.93,46361.68,15,2,0
synthetic-user-022,2025-09,2538.23,1908.25,1646.34,10,1,0
synthetic-user-023,2025-09,2339.83,3444.96,-659.9,27,4,1
synthetic-user-024,2025-09,4085.97,4236.99,9259.89,29,3,1
synthetic-user-025,2025-09,11114.03,8295.15,38315.62,43,7,0
synthetic-user-026,2025-09,10283.07,9938.39,16994.95,47,1,0
synthetic-user-027,2025-09,9880.07,13390.65,-32536.13,80,7,1
synthetic-user-028,2025-09,6740.41,5320.08,15540.16,33,5,0
synthetic-user-029,2025-09,10335.67,12434.78,-42670.17,71,7,1
synthetic-user-030,2025-09,5410.27,3346.12,-2980.67,17,4,0
synthetic-user-001,2025-10,10199.06,8561.25,57099.75,54,5,0
synthetic-user-002,2025-10,4894.32,4874.51,29828.33,27,2,0
synthetic-user-003,2025-10,4782.94,5884.44,9233.44,36,2,1
synthetic-user-004,2025-10,10362.63,8455.64,44870.55,57,6,0
synthetic-user-005,2025-10,10498.7,7954.75,49120.99,47,1,0
synthetic-user-006,2025-10,6424.33,5241.4,25923.45,23,4,0
synthetic-user-007,2025-10,5429.18,7704.55,-8211.17,35,0,1
synthetic-user-008,2025-10,7983.29,8318.5,22272.22,51,3,1
synthetic-user-009,2025-10,3536.54,560.73,19206.02,0,1,0
synthetic-user-010,2025-10,3589.95,2718.23,19271.24,11,0,0
synthetic-user-011,2025-10,3471.92,3345.15,-12705.76,12,0,0
synthetic-user-012,2025-10,8309.0,8630.57,-13755.41,45,6,1
synthetic-user-013,2025-10,7294.47,9125.07,-515.91,53,3,1
synthetic-user-014,2025-10,10003.61,8406.15,14999.37,53,5,0
synthetic-user-015,2025-10,8554.78,8321.01,-5941.42,48,7,0
synthetic-user-016,2025-10,6196.62,6541.23,20336.21,40,3,1
synthetic-user-017,2025-10,9920.88,9295.18,25751.34,43,5,0
synthetic-user-018,2025-10,7469.33,7294.53,38369.72,36,8,0
synthetic-user-019,2025-10,8162.8,8312.53,-12852.31,48,3,1
synthetic-user-020,2025-10,9422.87,10808.33,-3071.97,59,3,1
synthetic-user-021,2025-10,5346.84,3398.72,48616.88,20,2,0
synthetic-user-022,2025-10,1054.19,1017.16,2276.32,6,0,0
synthetic-user-023,2025-10,1853.83,4282.38,-1765.04,18,2,1
synthetic-user-024,2025-10,3883.2,4174.11,9108.87,25,1,1
synthetic-user-025,2025-10,10509.44,7448.7,41134.5,42,5,0
synthetic-user-026,2025-10,10255.56,9226.44,17339.63,53,4,0
synthetic-user-027,2025-10,9299.14,9673.86,-36046.71,62,4,1
synthetic-user-028,2025-10,7722.73,7054.21,16960.49,37,2,0
synthetic-user-029,2025-10,10197.57,14002.33,-44769.28,59,7,1
synthetic-user-030,2025-10,5122.07,4594.66,-916.52,20,3,0
synthetic-user-001,2025-11,10051.53,5629.54,58737.55,27,8,0
synthetic-user-002,2025-11,5101.42,4119.0,29848.14,22,3,0
synthetic-user-003,2025-11,4516.28,3937.12,8131.93,20,1,0
synthetic-user-004,2025-11,10860.62,7208.02,46777.55,41,7,0
synthetic-user-005,2025-11,9975.59,9836.38,51664.95,47,4,0
synthetic-user-006,2025-11,5200.73,5326.65,27106.38,31,4,1
synthetic-user-007,2025-11,6727.27,8468.8,-10486.54,56,4,1
synthetic-user-008,2025-11,7518.34,6335.37,21937.0,21,3,0
synthetic-user-009,2025-11,2963.68,2412.05,22181.82,13,4,0
synthetic-user-010,2025-11,3925.94,598.77,20142.96,5,3,0
synthetic-user-011,2025-11,2317.15,3741.76,-12579.0,21,0,1
synthetic-user-012,2025-11,7919.37,9713.9,-14076.99,57,2,1
synthetic-user-013,2025-11,7092.96,10642.31,-2346.52,65,3,1
synthetic-user-014,2025-11,9192.84,8851.75,16596.84,53,1,0
synthetic-user-015,2025-11,8521.57,10998.31,-5707.64,62,12,1
synthetic-user-016,2025-11,5737.1,6339.6,19991.59,35,1,1
synthetic-user-017,2025-11,10097.5,10352.25,26377.04,52,4,1
synthetic-user-018,2025-11,7815.56,8289.55,38544.53,47,3,1
synthetic-user-019,2025-11,8665.15,8650.4,-13002.04,57,5,0
synthetic-user-020,2025-11,8182.48,8608.26,-4457.43,48,5,1
synthetic-user-021,2025-11,5737.67,3219.32,50564.99,25,4,0
synthetic-user-022,2025-11,1322.93,1880.12,2313.35,7,1,1
synthetic-user-023,2025-11,2012.64,3335.79,-4193.58,16,2,1
synthetic-user-024,2025-11,3469.1,3944.35,8817.95,13,4,1
synthetic-user-025,2025-11,11691.66,8741.89,44195.23,46,7,0
synthetic-user-026,2025-11,9678.74,9793.84,18368.75,44,4,1
synthetic-user-027,2025-11,9052.27,11284.93,-36421.44,75,6,1
synthetic-user-028,2025-11,6886.4,5874.94,17629.01,45,3,0
synthetic-user-029,2025-11,9829.4,13088.49,-48574.04,71,6,1
synthetic-user-030,2025-11,5095.39,3670.85,-389.11,16,6,0
synthetic-user-001,2025-12,12320.93,10046.09,63159.54,69,5,0
synthetic-user-002,2025-12,4887.41,2691.55,30830.55,14,1,0
synthetic-user-003,2025-12,5260.65,5189.05,8711.09,29,3,0
synthetic-user-004,2025-12,11220.04,8982.84,50430.16,66,9,0
synthetic-user-005,2025-12,11965.76,8947.44,51804.15,47,5,0
synthetic-user-006,2025-12,6778.08,6758.4,26980.46,36,1,0
synthetic-user-007,2025-12,6724.63,8887.43,-12228.07,55,6,1
synthetic-user-008,2025-12,8746.55,9086.9,23119.97,53,7,1
synthetic-user-009,2025-12,4392.28,3428.96,22733.45,12,3,0
synthetic-user-010,2025-12,4998.15,3532.96,23470.13,12,3,0
synthetic-user-011,2025-12,3110.09,5704.09,-14003.61,38,3,1
synthetic-user-012,2025-12,7970.38,11347.52,-15871.51,72,5,1
synthetic-user-013,2025-12,8875.15,11289.96,-5895.86,56,5,1
synthetic-user-014,2025-12,10553.71,8435.59,16937.93,50,6,0
synthetic-user-015,2025-12,9471.49,13520.05,-8184.38,65,4,1
synthetic-user-016,2025-12,6376.8,5967.22,19389.09,44,2,0
synthetic-user-017,2025-12,12044.71,10448.01,26122.3,55,10,0
synthetic-user-018,2025-12,9545.71,8701.37,38070.54,55,9,0
synthetic-user-019,2025-12,10433.83,10219.54,-12987.29,55,4,0
synthetic-user-020,2025-12,9584.23,10657.15,-4883.21,57,6,1
synthetic-user-021,2025-12,6883.54,4439.31,53083.35,33,3,0
synthetic-user-022,2025-12,1667.74,2154.53,1756.16,14,1,1
synthetic-user-023,2025-12,3957.26,4037.08,-5516.73,18,3,1
synthetic-user-024,2025-12,3553.39,3464.9,8342.7,21,2,0
synthetic-user-025,2025-12,12432.39,10345.53,47145.01,52,8,0
synthetic-user-026,2025-12,10582.45,11316.38,18253.65,64,4,1
synthetic-user-027,2025-12,10820.75,13577.86,-38654.09,93,11,1
synthetic-user-028,2025-12,8048.09,5904.33,18640.48,32,8,0
synthetic-user-029,2025-12,12382.48,15837.11,-51833.13,79,6,1
synthetic-user-030,2025-12,5629.73,4059.46,1035.43,18,3,0
